,,,,,Totals,,,,,,,,,,,,,,,,Shooting,,,Per Game,,,,,
Rk,Player,Debut,Age,Yrs,G,MP,FG,FGA,3P,3PA,FT,FTA,ORB,TRB,AST,STL,BLK,TOV,PF,PTS,FG%,3P%,FT%,MP,PTS,TRB,AST,STL,BLK
1,Timmy Allen,"Apr 6, '24, MEM vs. PHI",24,1,5,125,6,23,0,7,1,2,4,17,5,4,0,2,18,13,0.261,0,0.5,25,2.6,3.4,1,0.8,0
2,Ibou Badji,"Dec 26, '23, POR vs. SAC",21,1,22,226,14,22,0,0,6,12,20,51,13,3,20,15,46,34,0.636,,0.5,10.3,1.5,2.3,0.6,0.1,0.9
3,Amari Bailey,"Nov 12, '23, CHO @ NYK",19,1,10,65,8,24,1,8,6,7,6,9,7,3,0,4,2,23,0.333,0.125,0.857,6.5,2.3,0.9,0.7,0.3,0
4,Emoni Bates,"Oct 28, '23, CLE vs. IND",20,2,25,208,28,87,21,63,1,4,1,21,18,2,3,10,9,78,0.322,0.333,0.25,8.3,3.1,0.8,0.7,0.1,0.1
5,Jules Bernard,"Dec 8, '23, WAS @ BRK",24,1,19,149,29,64,11,29,5,9,10,26,16,3,1,8,14,74,0.453,0.379,0.556,7.8,3.9,1.4,0.8,0.2,0.1
6,Onuralp Bitim,"Nov 4, '23, CHI @ DEN",24,1,23,268,32,84,12,44,4,5,6,32,13,3,2,10,24,80,0.381,0.273,0.8,11.7,3.5,1.4,0.6,0.1,0.1
7,Anthony Black,"Oct 25, '23, ORL vs. HOU",20,3,211,4961,722,1639,199,589,368,508,132,613,567,212,114,327,446,2011,0.441,0.338,0.724,23.5,9.5,2.9,2.7,1,0.5
8,Leaky Black,"Nov 8, '23, CHO vs. WAS",24,2,41,717,65,155,28,75,17,23,24,123,46,26,19,20,59,175,0.419,0.373,0.739,17.5,4.3,3,1.1,0.6,0.5
9,Izaiah Brockington,"Mar 5, '24, NOP @ TOR",24,1,1,3,2,5,0,1,0,0,1,2,0,0,0,0,0,4,0.4,0,,3,4,2,0,0,0
10,Kobe Brown,"Oct 25, '23, LAC vs. POR",24,3,145,1629,197,433,72,213,53,68,107,312,129,42,22,74,141,519,0.455,0.338,0.779,11.2,3.6,2.2,0.9,0.3,0.2
11,Kobe Bufkin,"Oct 29, '23, ATL @ MIL",20,3,43,439,67,189,18,85,28,38,12,67,54,12,10,23,38,180,0.354,0.212,0.737,10.2,4.2,1.6,1.3,0.3,0.2
12,Toumani Camara,"Oct 25, '23, POR @ LAC",23,3,230,7018,917,2045,412,1124,263,362,441,1214,463,276,118,337,641,2509,0.448,0.367,0.727,30.5,10.9,5.3,2,1.2,0.5
13,D.J. Carton,"Feb 22, '24, TOR vs. BRK",23,2,8,69,4,15,1,7,5,6,2,8,6,3,0,5,4,14,0.267,0.143,0.833,8.6,1.8,1,0.8,0.4,0
14,Colin Castleton,"Nov 4, '23, LAL @ ORL",23,3,46,512,57,119,2,16,36,45,61,142,32,11,10,28,64,152,0.479,0.125,0.8,11.1,3.3,3.1,0.7,0.2,0.2
15,Malcolm Cazalon,"Nov 5, '23, DET vs. PHO",22,1,1,3,0,0,0,0,0,0,0,0,0,0,0,0,0,0,,,,3,0,0,0,0,0
16,Sidy Cissoko,"Nov 20, '23, SAS vs. LAC",19,3,109,1690,162,397,63,223,73,112,78,209,135,61,29,84,211,460,0.408,0.283,0.652,15.5,4.2,1.9,1.2,0.6,0.3
17,Noah Clowney,"Nov 25, '23, BRK vs. MIA",19,3,135,3192,433,1096,228,686,268,334,121,535,166,82,82,163,298,1362,0.395,0.332,0.802,23.6,10.1,4,1.2,0.6,0.6
18,Bilal Coulibaly,"Oct 25, '23, WAS @ IND",19,3,178,5131,681,1597,192,613,362,493,195,793,454,210,143,293,406,1916,0.426,0.313,0.734,28.8,10.8,4.5,2.6,1.2,0.8
19,Ricky Council IV,"Jan 2, '24, PHI vs. CHI",22,2,105,1539,231,575,67,245,176,224,65,260,113,40,14,57,84,705,0.402,0.273,0.786,14.7,6.7,2.5,1.1,0.4,0.1
20,Jalen Crutcher,"Feb 27, '24, NOP @ NYK",24,1,1,3,0,1,0,0,0,0,0,0,0,0,0,0,0,0,0,,,3,0,0,0,0,0
21,Dexter Dennis,"Dec 1, '23, DAL vs. MEM",24,1,4,30,10,19,1,8,1,3,1,9,4,0,1,3,1,22,0.526,0.125,0.333,7.5,5.5,2.3,1,0,0.3
22,Gradey Dick,"Oct 25, '23, TOR vs. MIN",20,3,190,3922,615,1476,258,753,254,294,113,472,217,127,19,176,308,1742,0.417,0.343,0.864,20.6,9.2,2.5,1.1,0.7,0.1
23,Henri Drell,"Mar 14, '24, CHI vs. LAC",23,1,4,30,4,10,2,6,1,2,1,4,4,2,1,2,6,11,0.4,0.333,0.5,7.5,2.8,1,1,0.5,0.3
24,Tosan Evbuomwan,"Feb 2, '24, MEM vs. GSW",22,3,50,1040,130,292,36,109,72,98,51,182,71,30,15,48,79,368,0.445,0.33,0.735,20.8,7.4,3.6,1.4,0.6,0.3
25,Adam Flagler,"Feb 23, '24, OKC vs. WAS",24,2,39,217,26,103,15,78,1,2,7,27,16,8,3,4,15,68,0.252,0.192,0.5,5.6,1.7,0.7,0.4,0.2,0.1
26,Jordan Ford,"Oct 25, '23, SAC @ UTA",25,1,6,22,4,7,2,3,2,2,0,2,2,0,0,1,0,12,0.571,0.667,1,3.7,2,0.3,0.3,0,0
27,Javon Freeman-Liberty,"Jan 17, '24, TOR vs. MIA",24,1,22,403,55,124,10,42,33,36,16,70,40,10,4,25,28,153,0.444,0.238,0.917,18.3,7,3.2,1.8,0.5,0.2
28,Alex Fudge,"Nov 4, '23, LAL @ ORL",20,1,6,40,6,15,1,5,2,2,4,5,0,3,0,2,2,15,0.4,0.2,1,6.7,2.5,0.8,0,0.5,0
29,Andrew Funk,"Mar 14, '24, CHI vs. LAC",24,1,5,13,0,4,0,3,0,0,0,0,0,1,1,0,0,0,0,0,,2.6,0,0,0,0.2,0.2
30,Kaiser Gates,"Oct 30, '23, NOP vs. GSW",27,1,1,7,0,4,0,2,0,0,0,1,0,0,0,0,0,0,0,0,,7,0,1,0,0,0
31,Keyonte George,"Oct 25, '23, UTA vs. SAC",20,3,196,5918,1080,2615,455,1308,759,886,64,663,1041,140,30,537,322,3374,0.413,0.348,0.857,30.2,17.2,3.4,5.3,0.7,0.2
32,Collin Gillespie,"Oct 24, '23, DEN vs. LAL",24,3,137,2968,452,1069,286,706,103,121,112,426,476,133,21,156,184,1293,0.423,0.405,0.851,21.7,9.4,3.1,3.5,1,0.2
33,Mouhamadou Gueye,"Feb 12, '24, TOR vs. SAS",25,2,13,165,17,49,1,8,7,13,14,29,11,5,19,15,19,42,0.347,0.125,0.538,12.7,3.2,2.2,0.8,0.4,1.5
34,Mouhamed Gueye,"Oct 29, '23, ATL @ MIL",21,3,116,1785,211,484,64,220,77,110,143,436,100,94,76,49,195,563,0.436,0.291,0.7,15.4,4.9,3.8,0.9,0.8,0.7
35,Jordan Hawkins,"Oct 25, '23, NOP @ MEM",21,3,174,3173,475,1269,266,765,170,205,74,394,178,62,40,132,153,1386,0.374,0.348,0.829,18.2,8,2.3,1,0.4,0.2
36,Scoot Henderson,"Oct 25, '23, POR @ LAC",19,3,158,4272,737,1824,249,727,409,510,123,472,783,143,35,462,461,2132,0.404,0.343,0.802,27,13.5,3,5,0.9,0.2
37,Taylor Hendricks,"Oct 25, '23, UTA vs. SAC",20,3,102,2049,275,613,119,336,75,105,116,421,89,83,64,79,184,744,0.449,0.354,0.714,20.1,7.3,4.1,0.9,0.8,0.6
38,D'Moi Hodge,"Nov 4, '23, LAL @ ORL",25,1,7,41,5,15,3,12,1,2,0,0,5,1,1,1,4,14,0.333,0.25,0.5,5.9,2,0,0.7,0.1,0.1
39,Chet Holmgren,"Oct 25, '23, OKC @ CHI",21,3,183,5287,1106,2073,261,708,544,693,307,1520,378,119,392,294,427,3017,0.534,0.369,0.785,28.9,16.5,8.3,2.1,0.7,2.1
40,Jalen Hood-Schifino,"Nov 27, '23, LAL @ PHI",20,2,36,424,47,143,16,61,30,41,5,40,45,8,9,27,38,140,0.329,0.262,0.732,11.8,3.9,1.1,1.3,0.2,0.3
41,Jett Howard,"Oct 25, '23, ORL vs. HOU",20,3,133,1463,213,543,116,356,55,66,44,164,95,25,24,54,138,597,0.392,0.326,0.833,11,4.5,1.2,0.7,0.2,0.2
42,Matthew Hurt,"Jan 29, '24, MEM vs. SAC",23,1,8,113,12,34,5,20,3,3,9,16,4,3,3,2,8,32,0.353,0.25,1,14.1,4,2,0.5,0.4,0.4
43,Andre Jackson Jr.,"Oct 29, '23, MIL vs. ATL",22,3,172,1960,183,416,62,182,40,67,133,367,176,69,24,117,249,468,0.44,0.341,0.597,11.4,2.7,2.1,1,0.4,0.1
44,GG Jackson II,"Oct 30, '23, MEM vs. DAL",19,3,132,2870,570,1276,198,574,256,344,129,523,169,71,73,181,169,1594,0.447,0.345,0.744,21.7,12.1,4,1.3,0.5,0.6
45,Trayce Jackson-Davis,"Oct 27, '23, GSW @ SAC",23,3,183,2593,478,758,1,5,171,308,323,797,225,69,138,116,226,1128,0.631,0.2,0.555,14.2,6.2,4.4,1.2,0.4,0.8
46,Jaime Jaquez Jr.,"Oct 25, '23, MIA vs. DET",22,3,216,5602,1018,2074,160,504,415,533,262,950,713,189,55,360,385,2611,0.491,0.317,0.779,25.9,12.1,4.4,3.3,0.9,0.3
47,Trey Jemison,"Jan 24, '24, WAS vs. MIN",24,3,76,1047,122,220,0,0,35,59,116,257,48,22,45,68,149,279,0.555,,0.593,13.8,3.7,3.4,0.6,0.3,0.6
48,Keyontae Johnson,"Oct 29, '23, OKC vs. DEN",23,1,9,66,5,16,1,3,0,0,4,10,4,1,0,4,5,11,0.313,0.333,,7.3,1.2,1.1,0.4,0.1,0
49,Colby Jones,"Oct 25, '23, SAC @ UTA",21,3,70,714,88,203,18,73,29,46,38,131,66,33,18,33,67,223,0.433,0.247,0.63,10.2,3.2,1.9,0.9,0.5,0.3
50,Maxwell Lewis,"Oct 24, '23, LAL @ DEN",21,2,62,430,49,129,20,59,9,13,20,59,25,11,8,24,34,127,0.38,0.339,0.692,6.9,2,1,0.4,0.2,0.1
51,E.J. Liddell,"Oct 28, '23, NOP vs. NYK",23,3,46,425,63,132,21,67,25,30,17,83,28,9,13,19,58,172,0.477,0.313,0.833,9.2,3.7,1.8,0.6,0.2,0.3
52,Dereck Lively II,"Oct 25, '23, DAL @ SAS",19,3,98,2242,366,505,0,2,95,164,253,685,158,60,144,101,265,827,0.725,0,0.579,22.9,8.4,7,1.6,0.6,1.5
53,Chris Livingston,"Nov 1, '23, MIL @ TOR",20,3,45,213,24,56,1,16,16,21,13,59,11,8,0,11,27,65,0.429,0.063,0.762,4.7,1.4,1.3,0.2,0.2,0
54,Seth Lundy,"Dec 15, '23, ATL @ TOR",23,1,9,52,4,17,3,13,3,4,1,7,0,0,0,1,6,14,0.235,0.231,0.75,5.8,1.6,0.8,0,0,0
55,Nathan Mensah,"Dec 15, '23, CHO vs. NOP",25,1,25,307,12,28,0,0,9,12,29,65,9,6,14,14,64,33,0.429,,0.75,12.3,1.3,2.6,0.4,0.2,0.6
56,Vasilije Micić,"Oct 27, '23, OKC @ CLE",30,2,101,1961,254,643,88,279,95,116,34,177,390,46,7,176,113,691,0.395,0.315,0.819,19.4,6.8,1.8,3.9,0.5,0.1
57,Brandon Miller,"Oct 25, '23, CHO vs. ATL",21,3,166,5275,1128,2618,492,1319,410,475,155,765,490,161,106,371,438,3158,0.431,0.373,0.863,31.8,19,4.6,3,1,0.6
58,Jordan Miller,"Oct 25, '23, LAC vs. POR",24,3,105,1773,275,542,47,150,166,212,76,245,170,62,16,90,90,763,0.507,0.313,0.783,16.9,7.3,2.3,1.6,0.6,0.2
59,Leonard Miller,"Oct 28, '23, MIN vs. MIA",20,3,76,803,164,297,34,109,48,63,62,212,48,21,17,39,72,410,0.552,0.312,0.762,10.6,5.4,2.8,0.6,0.3,0.2
60,Taze Moore,"Jan 21, '24, POR @ LAL",25,2,6,60,10,29,2,11,2,4,8,16,6,4,0,5,4,24,0.345,0.182,0.5,10,4,2.7,1,0.7,0
61,Kris Murray,"Oct 25, '23, POR @ LAC",23,3,188,3721,391,921,110,425,102,170,251,612,229,139,60,145,250,994,0.425,0.259,0.6,19.8,5.3,3.3,1.2,0.7,0.3
62,Pete Nance,"Jan 20, '24, CLE @ ATL",23,3,68,902,115,232,60,144,5,15,32,149,58,17,16,31,81,295,0.496,0.417,0.333,13.3,4.3,2.2,0.9,0.3,0.2
63,Markquis Nowell,"Nov 15, '23, TOR vs. MIL",24,1,1,4,0,1,0,0,2,2,2,2,2,1,0,0,0,2,0,,1,4,2,2,2,1,0
64,Mãozinha Pereira,"Mar 20, '24, MEM @ GSW",23,1,7,122,18,35,5,13,7,10,11,37,2,6,4,5,10,48,0.514,0.385,0.7,17.4,6.9,5.3,0.3,0.9,0.6
65,Drew Peterson,"Dec 23, '23, BOS @ LAC",24,3,34,273,23,63,16,50,8,11,12,50,16,10,3,9,22,70,0.365,0.32,0.727,8,2.1,1.5,0.5,0.3,0.1
66,Filip Petrušev,"Oct 29, '23, PHI vs. POR",23,1,3,10,1,2,0,0,1,2,0,1,0,0,0,0,1,3,0.5,,0.5,3.3,1,0.3,0,0,0
67,Julian Phillips,"Oct 25, '23, CHI vs. OKC",20,3,167,1874,211,485,82,256,91,118,102,254,62,67,34,48,191,595,0.435,0.32,0.771,11.2,3.6,1.5,0.4,0.4,0.2
68,Jalen Pickett,"Oct 24, '23, DEN vs. LAL",24,3,126,1595,190,447,98,253,24,31,34,199,243,36,10,67,93,502,0.425,0.387,0.774,12.7,4,1.6,1.9,0.3,0.1
69,Brandin Podziemski,"Oct 30, '23, GSW @ NOP",20,3,220,6017,945,2092,358,955,314,415,255,1171,797,218,42,294,353,2562,0.452,0.375,0.757,27.4,11.6,5.3,3.6,1,0.2
70,Craig Porter Jr.,"Oct 28, '23, CLE vs. IND",23,3,166,2310,304,626,66,175,88,128,125,396,394,95,68,142,135,762,0.486,0.377,0.688,13.9,4.6,2.4,2.4,0.6,0.4
71,Olivier-Maxence Prosper,"Nov 3, '23, DAL @ DEN",21,3,145,1904,302,628,85,244,163,231,128,392,113,73,23,69,131,852,0.481,0.348,0.706,13.1,5.9,2.7,0.8,0.5,0.2
72,Duop Reath,"Nov 12, '23, POR @ LAL",27,3,146,1941,333,739,145,406,94,121,147,380,103,50,60,75,230,905,0.451,0.357,0.777,13.3,6.2,2.6,0.7,0.3,0.4
73,Rayan Rupert,"Oct 25, '23, POR @ LAC",19,3,155,2165,235,616,88,273,84,109,98,350,155,83,16,116,217,642,0.381,0.322,0.771,14,4.1,2.3,1,0.5,0.1
74,Jermaine Samuels,"Oct 25, '23, HOU @ ORL",25,1,14,60,9,14,0,2,2,2,3,13,3,1,2,0,5,20,0.643,0,1,4.3,1.4,0.9,0.2,0.1,0.1
75,Adama Sanogo,"Dec 28, '23, CHI vs. IND",21,2,13,87,18,34,0,0,8,12,24,42,1,1,0,6,6,44,0.529,,0.667,6.7,3.4,3.2,0.1,0.1,0
76,Gui Santos,"Nov 16, '23, GSW vs. OKC",21,3,147,2349,340,694,122,352,132,179,164,487,253,90,34,151,256,934,0.49,0.347,0.737,16,6.4,3.3,1.7,0.6,0.2
77,Marcus Sasser,"Oct 25, '23, DET @ MIA",23,3,166,2619,425,985,192,498,116,135,36,233,444,101,20,175,216,1158,0.431,0.386,0.859,15.8,7,1.4,2.7,0.6,0.1
78,Brice Sensabaugh,"Oct 25, '23, UTA vs. SAC",20,3,178,3778,754,1674,353,929,268,315,114,543,308,113,26,278,297,2129,0.45,0.38,0.851,21.2,12,3.1,1.7,0.6,0.1
79,Ben Sheppard,"Oct 25, '23, IND vs. WAS",22,3,185,3433,378,903,201,587,86,104,102,461,252,110,22,78,327,1043,0.419,0.342,0.827,18.6,5.6,2.5,1.4,0.6,0.1
80,Dmytro Skapintsev,"Dec 23, '23, NYK vs. MIL",25,1,2,2,0,1,0,0,0,0,0,0,0,0,0,0,0,0,0,,,1,0,0,0,0,0
81,Jalen Slawson,"Nov 15, '23, SAC @ LAL",24,2,25,348,38,83,15,42,12,17,8,64,38,21,15,19,35,103,0.458,0.357,0.706,13.9,4.1,2.6,1.5,0.8,0.6
82,Nick Smith Jr.,"Oct 25, '23, CHO vs. ATL",19,3,141,2473,405,1018,201,538,67,76,34,223,235,36,15,142,162,1078,0.398,0.374,0.882,17.5,7.6,1.6,1.7,0.3,0.1
83,Terquavion Smith,"Jan 19, '24, PHI @ ORL",21,1,16,84,18,46,13,35,3,5,0,4,12,8,0,7,8,52,0.391,0.371,0.6,5.3,3.3,0.3,0.8,0.5,0
84,Pat Spencer,"Feb 25, '24, GSW vs. DEN",27,3,111,1505,229,541,65,192,55,72,68,208,285,62,8,104,96,578,0.423,0.339,0.764,13.6,5.2,1.9,2.6,0.6,0.1
85,Julian Strawther,"Oct 27, '23, DEN @ MEM",21,3,172,2790,441,1027,193,557,153,191,34,317,191,81,29,116,278,1228,0.429,0.346,0.801,16.2,7.1,1.8,1.1,0.5,0.2
86,Amen Thompson,"Oct 25, '23, HOU @ ORL",21,3,210,6566,1184,2187,58,265,579,792,575,1587,848,294,175,418,483,3005,0.541,0.219,0.731,31.3,14.3,7.6,4,1.4,0.8
87,Ausar Thompson,"Oct 25, '23, DET @ MIA",21,3,195,4807,781,1517,38,186,271,452,390,1123,482,312,168,274,537,1871,0.515,0.204,0.6,24.7,9.6,5.8,2.5,1.6,0.9
88,Jacob Toppin,"Dec 5, '23, NYK @ MIL",23,3,31,131,18,37,6,14,2,2,6,23,10,2,2,4,7,44,0.486,0.429,1,4.2,1.4,0.7,0.3,0.1,0.1
89,Oscar Tshiebwe,"Dec 9, '23, IND @ LAL",24,3,49,745,144,235,0,0,56,88,131,317,43,31,7,31,66,344,0.613,,0.636,15.2,7,6.5,0.9,0.6,0.1
90,Hunter Tyson,"Oct 29, '23, DEN @ OKC",23,3,90,610,67,192,34,121,32,41,30,123,39,13,7,21,67,200,0.349,0.281,0.78,6.8,2.2,1.4,0.4,0.1,0.1
91,Sasha Vezenkov,"Oct 25, '23, SAC @ UTA",28,1,42,511,84,191,45,120,12,15,30,96,19,20,7,12,42,225,0.44,0.375,0.8,12.2,5.4,2.3,0.5,0.5,0.2
92,Tristan Vukcevic,"Mar 23, '24, WAS vs. TOR",20,3,94,1337,301,626,98,282,156,200,64,313,107,39,63,114,167,856,0.481,0.348,0.78,14.2,9.1,3.3,1.1,0.4,0.7
93,Jarace Walker,"Oct 25, '23, IND vs. WAS",20,3,184,3480,522,1203,230,596,191,261,86,683,342,132,62,234,268,1465,0.434,0.386,0.732,18.9,8,3.7,1.9,0.7,0.3
94,Cason Wallace,"Oct 25, '23, OKC @ CHI",20,3,227,5614,701,1515,273,730,114,142,186,654,493,346,100,177,428,1789,0.463,0.374,0.803,24.7,7.9,2.9,2.2,1.5,0.4
95,Jordan Walsh,"Jan 17, '24, BOS vs. SAS",19,3,129,1698,172,365,65,189,52,71,113,361,78,66,43,55,178,461,0.471,0.344,0.732,13.2,3.6,2.8,0.6,0.5,0.3
96,Victor Wembanyama,"Oct 25, '23, SAS vs. DAL",20,3,181,5499,1512,3123,392,1147,822,1006,373,1997,641,206,627,564,414,4238,0.484,0.342,0.817,30.4,23.4,11,3.5,1.1,3.5
97,Dariq Whitehead,"Nov 25, '23, BRK vs. MIA",19,3,28,453,77,194,52,137,9,14,6,57,24,10,2,25,35,215,0.397,0.38,0.643,16.2,7.7,2,0.9,0.4,0.1
98,Cam Whitmore,"Oct 25, '23, HOU @ ORL",19,3,119,2061,468,1039,160,459,153,215,99,389,97,76,38,110,133,1249,0.45,0.349,0.712,17.3,10.5,3.3,0.8,0.6,0.3
99,Malik Williams,"Apr 3, '24, TOR @ MIN",25,1,7,107,9,34,1,5,0,2,15,38,2,3,4,3,15,19,0.265,0.2,0,15.3,2.7,5.4,0.3,0.4,0.6
100,Jalen Wilson,"Nov 1, '23, BRK @ MIA",23,3,176,3554,432,1077,200,588,242,307,139,515,240,73,11,136,297,1306,0.401,0.34,0.788,20.2,7.4,2.9,1.4,0.4,0.1
101,Isaiah Wong,"Dec 9, '23, IND @ LAL",23,2,21,269,42,108,13,34,25,34,14,32,28,11,0,18,21,122,0.389,0.382,0.735,12.8,5.8,1.5,1.3,0.5,0
